<?xml version="1.0" encoding="utf-8" ?>
<DynamicHelp xmlns="http://msdn.microsoft.com/vsdata/xsd/vsdh.xsd" xmlns:xsi="http://www.w3.org/2000/10/XMLSchema-instance" xsi:schemaLocation="http://msdn.microsoft.com/vsdata/xsd/vsdh.xsd">	
   <LINKGROUP ID="part1" Title="SOLUTION-WIDE PROPERTIES Reference Help" Priority="2100">
      <GLYPH Expanded="vs:/ctxhelp_show.gif" Collapsed="vs:/ctxhelp_hide.gif"/>
   </LINKGROUP>


   <Context>
      <Keywords>
         <KItem Name="Client2.ServiceReference1" />
      </Keywords>
      <Links>
         <LItem URL="ms-its:part1.chm::/topic_0000000000000010.html" LinkGroup="part1">Client2.ServiceReference1 Namespace</LItem>
      </Links>
   </Context>
   

   <Context>
      <Keywords>
         <KItem Name="Contract2" />
      </Keywords>
      <Links>
         <LItem URL="ms-its:part1.chm::/topic_0000000000000000.html" LinkGroup="part1">Contract2 Namespace</LItem>
      </Links>
   </Context>
   

   <Context>
      <Keywords>
         <KItem Name="Client2.ServiceReference1.IStrumien" />
      </Keywords>
      <Links>
         <LItem URL="ms-its:part1.chm::/topic_0000000000000011.html" LinkGroup="part1">IStrumien Interface {Client2.ServiceReference1}</LItem>
      </Links>
   </Context>
   

   <Context>
      <Keywords>
         <KItem Name="Contract2.IStrumien" />
      </Keywords>
      <Links>
         <LItem URL="ms-its:part1.chm::/topic_0000000000000001.html" LinkGroup="part1">IStrumien Interface {Contract2}</LItem>
      </Links>
   </Context>
   

   <Context>
      <Keywords>
         <KItem Name="Client2.ServiceReference1.IStrumienChannel" />
      </Keywords>
      <Links>
         <LItem URL="ms-its:part1.chm::/topic_0000000000000024.html" LinkGroup="part1">IStrumienChannel Interface</LItem>
      </Links>
   </Context>
   

   <Context>
      <Keywords>
         <KItem Name="Contract2.MojStrumien" />
      </Keywords>
      <Links>
         <LItem URL="ms-its:part1.chm::/topic_000000000000000B.html" LinkGroup="part1">MojStrumien Class</LItem>
      </Links>
   </Context>
   
   <Context>
      <Keywords>
         <KItem Name="Client2.ServiceReference1.RequestFileMessage.RequestFileMessage" />
      </Keywords>
      <Links>
         <LItem URL="ms-its:part1.chm::/topic_000000000000001A_overloads--.html" LinkGroup="part1">RequestFileMessage Constructor</LItem>
      </Links>
   </Context>
   
   <Context>
      <Keywords>
         <KItem Name="Client2.ServiceReference1.RequestFileMessage.RequestFileMessage" />
      </Keywords>
      <Links>
         <LItem URL="ms-its:part1.chm::/topic_000000000000001B_overloads--.html" LinkGroup="part1">RequestFileMessage Constructor</LItem>
      </Links>
   </Context>
   

   <Context>
      <Keywords>
         <KItem Name="Client2.ServiceReference1.RequestFileMessage" />
      </Keywords>
      <Links>
         <LItem URL="ms-its:part1.chm::/topic_0000000000000018.html" LinkGroup="part1">RequestFileMessage Class {Client2.ServiceReference1}</LItem>
      </Links>
   </Context>
   

   <Context>
      <Keywords>
         <KItem Name="Contract2.RequestFileMessage" />
      </Keywords>
      <Links>
         <LItem URL="ms-its:part1.chm::/topic_0000000000000005.html" LinkGroup="part1">RequestFileMessage Class {Contract2}</LItem>
      </Links>
   </Context>
   
   <Context>
      <Keywords>
         <KItem Name="Client2.ServiceReference1.ResponseFileMessage.ResponseFileMessage" />
      </Keywords>
      <Links>
         <LItem URL="ms-its:part1.chm::/topic_0000000000000020_overloads--.html" LinkGroup="part1">ResponseFileMessage Constructor</LItem>
      </Links>
   </Context>
   
   <Context>
      <Keywords>
         <KItem Name="Client2.ServiceReference1.ResponseFileMessage.ResponseFileMessage" />
      </Keywords>
      <Links>
         <LItem URL="ms-its:part1.chm::/topic_0000000000000021_overloads--.html" LinkGroup="part1">ResponseFileMessage Constructor</LItem>
      </Links>
   </Context>
   

   <Context>
      <Keywords>
         <KItem Name="Client2.ServiceReference1.ResponseFileMessage" />
      </Keywords>
      <Links>
         <LItem URL="ms-its:part1.chm::/topic_000000000000001C.html" LinkGroup="part1">ResponseFileMessage Class {Client2.ServiceReference1}</LItem>
      </Links>
   </Context>
   

   <Context>
      <Keywords>
         <KItem Name="Contract2.ResponseFileMessage" />
      </Keywords>
      <Links>
         <LItem URL="ms-its:part1.chm::/topic_0000000000000007.html" LinkGroup="part1">ResponseFileMessage Class {Contract2}</LItem>
      </Links>
   </Context>
   

   <Context>
      <Keywords>
         <KItem Name="SOLUTION-WIDE PROPERTIES Reference" />
      </Keywords>
      <Links>
         <LItem URL="ms-its:part1.chm::/topic_0000000000000032.html" LinkGroup="part1">SOLUTION-WIDE PROPERTIES Reference</LItem>
      </Links>
   </Context>
   
   <Context>
      <Keywords>
         <KItem Name="Client2.ServiceReference1.StrumienClient.StrumienClient" />
      </Keywords>
      <Links>
         <LItem URL="ms-its:part1.chm::/topic_0000000000000026_overloads--.html" LinkGroup="part1">StrumienClient Constructor</LItem>
      </Links>
   </Context>
   
   <Context>
      <Keywords>
         <KItem Name="Client2.ServiceReference1.StrumienClient.StrumienClient" />
      </Keywords>
      <Links>
         <LItem URL="ms-its:part1.chm::/topic_000000000000002A_overloads--.html" LinkGroup="part1">StrumienClient Constructor</LItem>
      </Links>
   </Context>
   
   <Context>
      <Keywords>
         <KItem Name="Client2.ServiceReference1.StrumienClient.StrumienClient" />
      </Keywords>
      <Links>
         <LItem URL="ms-its:part1.chm::/topic_0000000000000027_overloads--.html" LinkGroup="part1">StrumienClient Constructor</LItem>
      </Links>
   </Context>
   
   <Context>
      <Keywords>
         <KItem Name="Client2.ServiceReference1.StrumienClient.StrumienClient" />
      </Keywords>
      <Links>
         <LItem URL="ms-its:part1.chm::/topic_0000000000000029_overloads--.html" LinkGroup="part1">StrumienClient Constructor</LItem>
      </Links>
   </Context>
   
   <Context>
      <Keywords>
         <KItem Name="Client2.ServiceReference1.StrumienClient.StrumienClient" />
      </Keywords>
      <Links>
         <LItem URL="ms-its:part1.chm::/topic_0000000000000028_overloads--.html" LinkGroup="part1">StrumienClient Constructor</LItem>
      </Links>
   </Context>
   

   <Context>
      <Keywords>
         <KItem Name="Client2.ServiceReference1.StrumienClient" />
      </Keywords>
      <Links>
         <LItem URL="ms-its:part1.chm::/topic_0000000000000025.html" LinkGroup="part1">StrumienClient Class</LItem>
      </Links>
   </Context>
   

   <Context>
      <Keywords>
         <KItem Name="Client2.ServiceReference1.ResponseFileMessage.dane" />
      </Keywords>
      <Links>
         <LItem URL="ms-its:part1.chm::/topic_000000000000001F.html" LinkGroup="part1">dane Field {Client2.ServiceReference1.ResponseFileMessage}</LItem>
      </Links>
   </Context>
   

   <Context>
      <Keywords>
         <KItem Name="Contract2.ResponseFileMessage.dane" />
      </Keywords>
      <Links>
         <LItem URL="ms-its:part1.chm::/topic_000000000000000A.html" LinkGroup="part1">dane Field {Contract2.ResponseFileMessage}</LItem>
      </Links>
   </Context>
   

   <Context>
      <Keywords>
         <KItem Name="Client2.ServiceReference1.IStrumien.download" />
      </Keywords>
      <Links>
         <LItem URL="ms-its:part1.chm::/topic_0000000000000012.html" LinkGroup="part1">download Method {Client2.ServiceReference1.IStrumien}</LItem>
      </Links>
   </Context>
   

   <Context>
      <Keywords>
         <KItem Name="Client2.ServiceReference1.StrumienClient.download" />
      </Keywords>
      <Links>
         <LItem URL="ms-its:part1.chm::/topic_000000000000002B.html" LinkGroup="part1">download Method {Client2.ServiceReference1.StrumienClient}</LItem>
      </Links>
   </Context>
   

   <Context>
      <Keywords>
         <KItem Name="Contract2.IStrumien.download" />
      </Keywords>
      <Links>
         <LItem URL="ms-its:part1.chm::/topic_0000000000000002.html" LinkGroup="part1">download Method {Contract2.IStrumien}</LItem>
      </Links>
   </Context>
   

   <Context>
      <Keywords>
         <KItem Name="Contract2.MojStrumien.download" />
      </Keywords>
      <Links>
         <LItem URL="ms-its:part1.chm::/topic_000000000000000C.html" LinkGroup="part1">download Method {Contract2.MojStrumien}</LItem>
      </Links>
   </Context>
   

   <Context>
      <Keywords>
         <KItem Name="Client2.ServiceReference1.IStrumien.downloadAsync" />
      </Keywords>
      <Links>
         <LItem URL="ms-its:part1.chm::/topic_0000000000000013.html" LinkGroup="part1">downloadAsync Method {Client2.ServiceReference1.IStrumien}</LItem>
      </Links>
   </Context>
   

   <Context>
      <Keywords>
         <KItem Name="Client2.ServiceReference1.StrumienClient.downloadAsync" />
      </Keywords>
      <Links>
         <LItem URL="ms-its:part1.chm::/topic_000000000000002C.html" LinkGroup="part1">downloadAsync Method {Client2.ServiceReference1.StrumienClient}</LItem>
      </Links>
   </Context>
   

   <Context>
      <Keywords>
         <KItem Name="Client2.ServiceReference1.IStrumien.listfiles" />
      </Keywords>
      <Links>
         <LItem URL="ms-its:part1.chm::/topic_0000000000000016.html" LinkGroup="part1">listfiles Method {Client2.ServiceReference1.IStrumien}</LItem>
      </Links>
   </Context>
   

   <Context>
      <Keywords>
         <KItem Name="Client2.ServiceReference1.StrumienClient.listfiles" />
      </Keywords>
      <Links>
         <LItem URL="ms-its:part1.chm::/topic_000000000000002F.html" LinkGroup="part1">listfiles Method {Client2.ServiceReference1.StrumienClient}</LItem>
      </Links>
   </Context>
   

   <Context>
      <Keywords>
         <KItem Name="Contract2.IStrumien.listfiles" />
      </Keywords>
      <Links>
         <LItem URL="ms-its:part1.chm::/topic_0000000000000004.html" LinkGroup="part1">listfiles Method {Contract2.IStrumien}</LItem>
      </Links>
   </Context>
   

   <Context>
      <Keywords>
         <KItem Name="Contract2.MojStrumien.listfiles" />
      </Keywords>
      <Links>
         <LItem URL="ms-its:part1.chm::/topic_000000000000000D.html" LinkGroup="part1">listfiles Method {Contract2.MojStrumien}</LItem>
      </Links>
   </Context>
   

   <Context>
      <Keywords>
         <KItem Name="Client2.ServiceReference1.IStrumien.listfilesAsync" />
      </Keywords>
      <Links>
         <LItem URL="ms-its:part1.chm::/topic_0000000000000017.html" LinkGroup="part1">listfilesAsync Method {Client2.ServiceReference1.IStrumien}</LItem>
      </Links>
   </Context>
   

   <Context>
      <Keywords>
         <KItem Name="Client2.ServiceReference1.StrumienClient.listfilesAsync" />
      </Keywords>
      <Links>
         <LItem URL="ms-its:part1.chm::/topic_0000000000000030.html" LinkGroup="part1">listfilesAsync Method {Client2.ServiceReference1.StrumienClient}</LItem>
      </Links>
   </Context>
   

   <Context>
      <Keywords>
         <KItem Name="Client2.ServiceReference1.RequestFileMessage.nazwa1" />
      </Keywords>
      <Links>
         <LItem URL="ms-its:part1.chm::/topic_0000000000000019.html" LinkGroup="part1">nazwa1 Field {Client2.ServiceReference1.RequestFileMessage}</LItem>
      </Links>
   </Context>
   

   <Context>
      <Keywords>
         <KItem Name="Contract2.RequestFileMessage.nazwa1" />
      </Keywords>
      <Links>
         <LItem URL="ms-its:part1.chm::/topic_0000000000000006.html" LinkGroup="part1">nazwa1 Field {Contract2.RequestFileMessage}</LItem>
      </Links>
   </Context>
   

   <Context>
      <Keywords>
         <KItem Name="Client2.ServiceReference1.ResponseFileMessage.nazwa2" />
      </Keywords>
      <Links>
         <LItem URL="ms-its:part1.chm::/topic_000000000000001D.html" LinkGroup="part1">nazwa2 Field {Client2.ServiceReference1.ResponseFileMessage}</LItem>
      </Links>
   </Context>
   

   <Context>
      <Keywords>
         <KItem Name="Contract2.ResponseFileMessage.nazwa2" />
      </Keywords>
      <Links>
         <LItem URL="ms-its:part1.chm::/topic_0000000000000008.html" LinkGroup="part1">nazwa2 Field {Contract2.ResponseFileMessage}</LItem>
      </Links>
   </Context>
   

   <Context>
      <Keywords>
         <KItem Name="Client2.ServiceReference1.ResponseFileMessage.rozmiar" />
      </Keywords>
      <Links>
         <LItem URL="ms-its:part1.chm::/topic_000000000000001E.html" LinkGroup="part1">rozmiar Field {Client2.ServiceReference1.ResponseFileMessage}</LItem>
      </Links>
   </Context>
   

   <Context>
      <Keywords>
         <KItem Name="Contract2.ResponseFileMessage.rozmiar" />
      </Keywords>
      <Links>
         <LItem URL="ms-its:part1.chm::/topic_0000000000000009.html" LinkGroup="part1">rozmiar Field {Contract2.ResponseFileMessage}</LItem>
      </Links>
   </Context>
   

   <Context>
      <Keywords>
         <KItem Name="Client2.ServiceReference1.IStrumien.upload" />
      </Keywords>
      <Links>
         <LItem URL="ms-its:part1.chm::/topic_0000000000000014.html" LinkGroup="part1">upload Method {Client2.ServiceReference1.IStrumien}</LItem>
      </Links>
   </Context>
   

   <Context>
      <Keywords>
         <KItem Name="Client2.ServiceReference1.StrumienClient.upload" />
      </Keywords>
      <Links>
         <LItem URL="ms-its:part1.chm::/topic_000000000000002D.html" LinkGroup="part1">upload Method {Client2.ServiceReference1.StrumienClient}</LItem>
      </Links>
   </Context>
   

   <Context>
      <Keywords>
         <KItem Name="Contract2.IStrumien.upload" />
      </Keywords>
      <Links>
         <LItem URL="ms-its:part1.chm::/topic_0000000000000003.html" LinkGroup="part1">upload Method {Contract2.IStrumien}</LItem>
      </Links>
   </Context>
   

   <Context>
      <Keywords>
         <KItem Name="Contract2.MojStrumien.upload" />
      </Keywords>
      <Links>
         <LItem URL="ms-its:part1.chm::/topic_000000000000000E.html" LinkGroup="part1">upload Method {Contract2.MojStrumien}</LItem>
      </Links>
   </Context>
   

   <Context>
      <Keywords>
         <KItem Name="Client2.ServiceReference1.IStrumien.uploadAsync" />
      </Keywords>
      <Links>
         <LItem URL="ms-its:part1.chm::/topic_0000000000000015.html" LinkGroup="part1">uploadAsync Method {Client2.ServiceReference1.IStrumien}</LItem>
      </Links>
   </Context>
   

   <Context>
      <Keywords>
         <KItem Name="Client2.ServiceReference1.StrumienClient.uploadAsync" />
      </Keywords>
      <Links>
         <LItem URL="ms-its:part1.chm::/topic_000000000000002E.html" LinkGroup="part1">uploadAsync Method {Client2.ServiceReference1.StrumienClient}</LItem>
      </Links>
   </Context>
   

   <Context>
      <Keywords>
         <KItem Name="Client2.ServiceReference1.uploadResponse" />
      </Keywords>
      <Links>
         <LItem URL="ms-its:part1.chm::/topic_0000000000000022.html" LinkGroup="part1">uploadResponse Class</LItem>
      </Links>
   </Context>
   

   <Context>
      <Keywords>
         <KItem Name="Client2.ServiceReference1.uploadResponse.uploadResponse" />
      </Keywords>
      <Links>
         <LItem URL="ms-its:part1.chm::/topic_0000000000000023.html" LinkGroup="part1">uploadResponse Constructor</LItem>
      </Links>
   </Context>
   

</DynamicHelp>

